GEOID,total_hh,hh_no_vehicle,carless_rate
27053000101,1127,57,0.0506
27053000102,1860,393,0.2113
27053000300,1273,54,0.0424
27053000601,1909,98,0.0513
27053000603,1375,31,0.0225
27053001100,946,50,0.0529
27053001700,1009,92,0.0912
27053002200,370,62,0.1676
27053002400,1325,138,0.1042
27053002700,856,96,0.1121
27053003200,669,121,0.1809
27053003300,638,45,0.0705
27053003801,1488,529,0.3555
27053003802,958,377,0.3935
27053005901,1443,683,0.4733
27053005902,1119,339,0.3029
27053006800,2165,496,0.2291
27053007700,3665,384,0.1048
27053007801,713,84,0.1178
27053008100,1873,199,0.1062
27053008200,2133,606,0.2841
27053008300,579,87,0.1503
27053008400,706,48,0.068
27053008500,1639,109,0.0665
27053009500,1012,120,0.1186
27053009600,1315,106,0.0806
27053010600,1260,14,0.0111
27053010700,985,5,0.0051
27053011000,1590,8,0.005
27053011703,1597,6,0.0038
27053011704,1350,56,0.0415
27053011800,1921,18,0.0094
27053011998,2015,101,0.0501
27053012001,2560,45,0.0176
27053012003,2449,53,0.0216
27053012101,1174,175,0.1491
27053012102,1453,0,0.0
27053020101,1213,45,0.0371
27053020102,1148,56,0.0488
27053020201,940,225,0.2394
27053020202,1912,167,0.0873
27053020301,816,42,0.0515
27053020302,998,186,0.1864
27053020303,1305,72,0.0552
27053020304,1259,32,0.0254
27053020400,2037,133,0.0653
27053020500,1281,95,0.0742
27053020600,758,28,0.0369
27053020700,1706,100,0.0586
27053020801,886,67,0.0756
27053020804,1232,101,0.082
27053020902,928,0,0.0
27053020903,1147,0,0.0
27053021001,2522,177,0.0702
27053021002,761,92,0.1209
27053021100,816,82,0.1005
27053021200,1931,70,0.0363
27053021300,2446,555,0.2269
27053021400,1251,47,0.0376
27053021501,2037,197,0.0967
27053021502,1556,272,0.1748
27053021503,1953,103,0.0527
27053021504,1545,28,0.0181
27053021505,2148,97,0.0452
27053021601,2051,124,0.0605
27053021602,2678,502,0.1875
27053021700,2055,0,0.0
27053021800,967,82,0.0848
27053021900,1920,109,0.0568
27053022000,1453,54,0.0372
27053022101,1313,85,0.0647
27053022102,1479,118,0.0798
27053022200,2135,33,0.0155
27053022301,967,161,0.1665
27053022302,1563,213,0.1363
27053022400,1644,93,0.0566
27053022700,1825,68,0.0373
27053022801,918,0,0.0
27053022802,2065,113,0.0547
27053022901,3079,343,0.1114
27053022902,776,4,0.0052
27053023000,2301,45,0.0196
27053023100,740,6,0.0081
27053023201,1026,97,0.0945
27053023202,2101,188,0.0895
27053023300,3278,302,0.0921
27053023401,2430,305,0.1255
27053023402,688,110,0.1599
27053023501,1772,143,0.0807
27053023502,2676,11,0.0041
27053023600,1478,59,0.0399
27053023700,2126,54,0.0254
27053023801,1899,22,0.0116
27053023802,1061,23,0.0217
27053023901,1386,22,0.0159
27053023902,612,5,0.0082
27053023903,1526,0,0.0
27053024003,2057,225,0.1094
27053024004,2696,481,0.1784
27053024005,1847,254,0.1375
27053024006,929,62,0.0667
27053024100,1554,107,0.0689
27053024200,1356,25,0.0184
27053024300,2410,245,0.1017
27053024400,2336,380,0.1627
27053024500,910,8,0.0088
27053024600,1882,191,0.1015
27053024700,1255,58,0.0462
27053024801,1061,135,0.1272
27053024802,1126,273,0.2425
27053024903,829,127,0.1532
27053024904,1502,130,0.0866
27053025100,1853,118,0.0637
27053025201,1749,148,0.0846
27053025205,1969,80,0.0406
27053025301,1202,140,0.1165
27053025302,2098,250,0.1192
27053025401,1579,102,0.0646
27053025403,1699,136,0.08
27053025601,1248,208,0.1667
27053025603,1492,32,0.0214
27053025605,1778,45,0.0253
27053025702,2180,294,0.1349
27053025703,945,60,0.0635
27053025704,1924,63,0.0327
27053025801,1603,67,0.0418
27053025802,923,10,0.0108
27053025803,1330,21,0.0158
27053025805,989,25,0.0253
27053025905,1510,91,0.0603
27053025906,2664,141,0.0529
27053025907,2184,118,0.054
27053025908,2035,53,0.026
27053025909,1270,0,0.0
27053026005,1568,38,0.0242
27053026006,1393,0,0.0
27053026007,2121,95,0.0448
27053026013,1703,55,0.0323
27053026014,1970,22,0.0112
27053026015,2027,13,0.0064
27053026019,2146,126,0.0587
27053026020,2364,105,0.0444
27053026021,1531,32,0.0209
27053026023,1569,0,0.0
27053026024,1618,29,0.0179
27053026025,805,0,0.0
27053026026,1755,52,0.0296
27053026027,1751,0,0.0
27053026028,1118,1,0.0009
27053026101,1311,19,0.0145
27053026103,1275,19,0.0149
27053026104,2623,17,0.0065
27053026201,1314,0,0.0
27053026202,1174,60,0.0511
27053026205,1123,43,0.0383
27053026206,1284,246,0.1916
27053026207,1591,124,0.0779
27053026208,1189,22,0.0185
27053026301,1742,110,0.0631
27053026302,1341,19,0.0142
27053026403,1668,135,0.0809
27053026404,2698,48,0.0178
27053026405,970,35,0.0361
27053026406,2045,85,0.0416
27053026505,1583,66,0.0417
27053026507,2139,171,0.0799
27053026508,2081,0,0.0
27053026509,1807,36,0.0199
27053026510,1638,76,0.0464
27053026511,1561,55,0.0352
27053026514,2278,16,0.007
27053026515,879,32,0.0364
27053026516,1666,17,0.0102
27053026605,1557,63,0.0405
27053026606,1931,49,0.0254
27053026609,1163,8,0.0069
27053026610,1600,29,0.0181
27053026611,2342,240,0.1025
27053026614,1302,27,0.0207
27053026615,2836,0,0.0
27053026616,3482,29,0.0083
27053026617,795,63,0.0792
27053026702,1152,130,0.1128
27053026706,1300,19,0.0146
27053026707,2010,9,0.0045
27053026708,2273,21,0.0092
27053026711,1509,11,0.0073
27053026712,1292,60,0.0464
27053026713,1836,20,0.0109
27053026717,2380,38,0.016
27053026718,1513,147,0.0972
27053026719,2011,0,0.0
27053026720,1753,158,0.0901
27053026721,1156,0,0.0
27053026722,1821,8,0.0044
27053026723,1532,7,0.0046
27053026724,2430,112,0.0461
27053026725,1256,32,0.0255
27053026726,1654,12,0.0073
27053026807,2084,194,0.0931
27053026809,2007,320,0.1594
27053026811,1689,31,0.0184
27053026812,3064,212,0.0692
27053026814,2073,0,0.0
27053026815,1786,72,0.0403
27053026816,2190,15,0.0068
27053026818,2152,151,0.0702
27053026819,2055,788,0.3835
27053026822,1836,29,0.0158
27053026823,1783,33,0.0185
27053026824,1733,157,0.0906
27053026825,852,28,0.0329
27053026826,1234,18,0.0146
27053026827,1127,48,0.0426
27053026828,1600,165,0.1031
27053026903,1773,29,0.0164
27053026906,2606,13,0.005
27053026907,2147,98,0.0456
27053026908,2173,75,0.0345
27053026910,3034,49,0.0162
27053026911,1563,61,0.039
27053026912,3231,115,0.0356
27053027001,1214,11,0.0091
27053027002,2060,128,0.0621
27053027101,2671,52,0.0195
27053027102,2505,28,0.0112
27053027202,675,45,0.0667
27053027203,1968,212,0.1077
27053027204,1374,20,0.0146
27053027205,1138,51,0.0448
27053027300,2149,207,0.0963
27053027400,1744,75,0.043
27053027501,2006,62,0.0309
27053027503,1661,0,0.0
27053027504,1291,59,0.0457
27053027601,1931,273,0.1414
27053027602,2498,96,0.0384
27053027701,1252,8,0.0064
27053027702,818,0,0.0
27053027703,1660,0,0.0
27053100200,1800,170,0.0944
27053100400,1199,108,0.0901
27053100500,1060,150,0.1415
27053100700,1223,30,0.0245
27053100800,1482,181,0.1221
27053100900,1650,363,0.22
27053101200,2223,52,0.0234
27053101300,815,246,0.3018
27053101600,978,428,0.4376
27053101800,1780,297,0.1669
27053101900,1394,271,0.1944
27053102000,926,102,0.1102
27053102100,762,227,0.2979
27053102500,1472,242,0.1644
27053102600,855,37,0.0433
27053102800,1010,364,0.3604
27053103000,1022,186,0.182
27053103100,1119,116,0.1037
27053103400,1432,346,0.2416
27053103600,1953,133,0.0681
27053103700,2716,348,0.1281
27053103900,1378,600,0.4354
27053104001,846,63,0.0745
27053104002,1601,88,0.055
27053104100,1295,241,0.1861
27053104400,1361,531,0.3902
27053104801,2182,1074,0.4922
27053104802,1462,432,0.2955
27053104901,726,354,0.4876
27053104902,1975,623,0.3154
27053105100,1362,10,0.0073
27053105201,2329,570,0.2447
27053105204,2129,881,0.4138
27053105400,2055,446,0.217
27053105500,2415,270,0.1118
27053105600,3259,1167,0.3581
27053105700,1986,677,0.3409
27053106000,1148,406,0.3537
27053106200,1984,700,0.3528
27053106400,1056,300,0.2841
27053106500,2250,95,0.0422
27053106600,1360,201,0.1478
27053106700,3152,698,0.2214
27053106900,1362,417,0.3062
27053107000,2147,401,0.1868
27053107400,927,145,0.1564
27053107500,843,41,0.0486
27053107600,1578,57,0.0361
27053108000,2142,170,0.0794
27053108600,1072,143,0.1334
27053108700,1744,398,0.2282
27053108800,1529,303,0.1982
27053108900,1150,65,0.0565
27053109000,874,15,0.0172
27053109100,2595,129,0.0497
27053109200,2163,252,0.1165
27053109300,1982,132,0.0666
27053109400,600,53,0.0883
27053109700,973,37,0.038
27053109800,1838,19,0.0103
27053109900,1807,16,0.0089
27053110000,513,75,0.1462
27053110100,1350,65,0.0481
27053110200,1631,59,0.0362
27053110400,1739,196,0.1127
27053110500,2525,114,0.0451
27053110800,1905,41,0.0215
27053110900,1439,56,0.0389
27053111100,1608,30,0.0187
27053111200,1448,63,0.0435
27053111300,1952,18,0.0092
27053111400,1578,14,0.0089
27053111500,2099,48,0.0229
27053111600,1346,20,0.0149
27053122500,1551,89,0.0574
27053122600,1057,51,0.0482
27053125500,1500,293,0.1953
27053125600,1836,326,0.1776
27053125700,1135,99,0.0872
27053125800,1683,447,0.2656
27053125900,1304,302,0.2316
27053126000,2061,870,0.4221
27053126101,2042,273,0.1337
27053126102,3878,631,0.1627
27053126201,1644,235,0.1429
27053126202,3170,140,0.0442
27053126300,1031,365,0.354
27053980000,0,0,0.0
27053980100,315,141,0.4476
27123030100,1939,143,0.0737
27123030201,2432,271,0.1114
27123030202,1146,73,0.0637
27123030300,2573,105,0.0408
27123030400,2436,229,0.094
27123030500,1924,401,0.2084
27123030601,1816,230,0.1267
27123030602,1373,48,0.035
27123030702,1815,73,0.0402
27123030703,1489,249,0.1672
27123030704,1525,139,0.0911
27123030800,1840,201,0.1092
27123030900,1216,85,0.0699
27123031000,1429,341,0.2386
27123031100,1328,68,0.0512
27123031200,1459,180,0.1234
27123031300,847,132,0.1558
27123031400,1035,93,0.0899
27123031500,984,141,0.1433
27123031600,1400,165,0.1179
27123031701,850,138,0.1624
27123031702,2245,394,0.1755
27123031801,1937,240,0.1239
27123031802,1467,67,0.0457
27123031900,1425,220,0.1544
27123032000,1246,79,0.0634
27123032100,1281,324,0.2529
27123032200,1020,167,0.1637
27123032300,1543,120,0.0778
27123032400,1171,226,0.193
27123032500,1601,182,0.1137
27123032600,887,174,0.1962
27123032700,799,199,0.2491
27123033000,607,59,0.0972
27123033100,706,159,0.2252
27123033200,2077,399,0.1921
27123033300,1255,135,0.1076
27123033400,1236,273,0.2209
27123033500,1201,367,0.3056
27123033600,816,425,0.5208
27123033700,694,333,0.4798
27123033800,701,62,0.0884
27123033900,615,134,0.2179
27123034000,1054,121,0.1148
27123034201,2392,566,0.2366
27123034203,1883,462,0.2454
27123034204,1570,443,0.2822
27123034400,854,15,0.0176
27123034500,1250,117,0.0936
27123034601,1923,325,0.169
27123034602,1345,185,0.1375
27123034701,1748,138,0.0789
27123034702,1703,253,0.1486
27123034900,1030,72,0.0699
27123035000,1224,43,0.0351
27123035100,946,51,0.0539
27123035200,1642,88,0.0536
27123035300,1912,156,0.0816
27123035500,1312,125,0.0953
27123035700,1095,9,0.0082
27123035800,1603,175,0.1092
27123035900,742,228,0.3073
27123036000,1578,101,0.064
27123036100,499,29,0.0581
27123036300,1450,152,0.1048
27123036400,1644,83,0.0505
27123036500,2030,170,0.0837
27123036600,1869,185,0.099
27123036700,2608,369,0.1415
27123036800,995,9,0.009
27123036900,1222,25,0.0205
27123037000,1246,11,0.0088
27123037100,2102,353,0.1679
27123037200,2153,110,0.0511
27123037402,1726,122,0.0707
27123037403,2417,437,0.1808
27123037500,2108,58,0.0275
27123037601,2026,362,0.1787
27123037603,1509,349,0.2313
27123037604,1386,216,0.1558
27123040101,920,12,0.013
27123040102,1590,12,0.0075
27123040200,1014,57,0.0562
27123040301,672,0,0.0
27123040302,2030,62,0.0305
27123040401,1582,109,0.0689
27123040402,2209,43,0.0195
27123040502,1158,90,0.0777
27123040503,1531,11,0.0072
27123040504,1944,143,0.0736
27123040601,1974,197,0.0998
27123040603,2276,0,0.0
27123040605,1541,7,0.0045
27123040606,1699,154,0.0906
27123040704,2408,140,0.0581
27123040705,1742,22,0.0126
27123040706,2061,23,0.0112
27123040707,1880,46,0.0245
27123040708,1844,39,0.0211
27123040709,1388,51,0.0367
27123040801,1217,78,0.0641
27123040804,692,56,0.0809
27123040805,972,9,0.0093
27123040901,818,28,0.0342
27123040902,1715,182,0.1061
27123041001,1355,53,0.0391
27123041002,1308,58,0.0443
27123041103,1748,267,0.1527
27123041104,1333,51,0.0383
27123041105,2183,107,0.049
27123041106,1293,48,0.0371
27123041107,2582,101,0.0391
27123041200,1860,239,0.1285
27123041301,1681,221,0.1315
27123041302,1802,336,0.1865
27123041400,2443,87,0.0356
27123041500,2385,162,0.0679
27123041601,2627,115,0.0438
27123041602,1566,168,0.1073
27123041700,1482,115,0.0776
27123041800,1600,79,0.0494
27123041900,1318,66,0.0501
27123042001,723,80,0.1107
27123042002,1210,96,0.0793
27123042101,2666,319,0.1197
27123042102,1909,119,0.0623
27123042201,568,12,0.0211
27123042202,2069,103,0.0498
27123042301,1112,40,0.036
27123042302,1805,292,0.1618
27123042401,2373,416,0.1753
27123042402,2264,171,0.0755
27123042501,2336,357,0.1528
27123042503,1015,8,0.0079
27123042504,1831,122,0.0666
27123042601,1662,104,0.0626
27123042602,912,110,0.1206
27123042700,2110,89,0.0422
27123042800,937,218,0.2327
27123042900,1930,89,0.0461
27123043001,2138,269,0.1258
27123043002,880,23,0.0261
27123980000,0,0,0.0
