zip5,facility_name,city,pct_nonwhite,med_hh_income,nw_q
55112,"A & E Pharmacy, LLC",Arden Hills,27.236588422704266,103865.09090909091,2.0
55303,Anoka-Metro Regional Treatment Center,Anoka,17.637474072390898,120800.33333333333,1.0
55429,Badger Acquisition Of Minnesota LLC (dba) Omnicare of Minnesota,Brooklyn Center,58.568558426722475,74563.22222222222,4.0
55113,"Cardinal Health 414, LLC",Roseville,32.380987846438636,90358.74074074074,3.0
55303,Coborn’s Incorporated (dba) Coborn's Pharmacy #2033,Ramsey,17.637474072390898,120800.33333333333,1.0
55121,"Consonus Pharmacy Services Minnesota, LLC (dba) Consonus Pharmacy Minnesota",Eagan,48.78854625550661,-333297800.0,3.0
55433,Costco Wholesale Corporation (dba) Costco Pharmacy #372,Coon Rapids,35.15387464554487,115669.33333333333,3.0
55112,"Ebenezer Management Services, Inc. (dba) Ebenezer Pharmacy",Arden Hills,27.236588422704266,103865.09090909091,2.0
55437,Evexia RX LLC (dba) Purescripts,Bloomington,21.226872145747155,102233.90909090909,2.0
55426,Genoa Healthcare LLC,St Louis Park,27.462633810197957,96096.28571428571,2.0
55303,"Goodrich Pharmacy, Inc. (dba) Goodrich Pharmacy - Anoka",Anoka,17.637474072390898,120800.33333333333,1.0
55016,"Grand St. Paul CVS, L.L.C. (dba) CVS/pharmacy #16189",Cottage Grove,,,
55317,"Grand St. Paul CVS, L.L.C. (dba) CVS/pharmacy #16300",Chanhassen,21.97344049706177,163807.14285714287,2.0
55082,"Grand St. Paul CVS, L.L.C. (dba) CVS/pharmacy #16353",Stillwater,,,
55403,"Grand St. Paul CVS, L.L.C. (dba) CVS/pharmacy #17626",Minneapolis,33.064121879533495,80643.30769230769,3.0
55124,"Grand St. Paul CVS, LLC (dba) CVS/pharmacy #16176",Apple Valley,,,
55044,"Grand St. Paul CVS, LLC (dba) CVS/pharmacy #16816",Lakeville,,,
55124,"Grand St. Paul CVS, LLC (dba) CVS/pharmacy #17453",Apple Valley,,,
55317,"Grand St. Paul CVS, LLC (dba) CVS/Pharmacy #1747",Chanhassen,21.97344049706177,163807.14285714287,2.0
55110,"Grand St. Paul CVS, LLC (dba) CVS/Pharmacy #1776",White Bear Lake,18.04912755666163,94159.25,1.0
55044,"Grand St. Paul CVS, LLC (dba) CVS/pharmacy #5308",Lakeville,,,
55404,HCMC CSC Pharmacy,Minneapolis,56.691836848491995,54112.1,4.0
55415,HCMC Specialty Services Pharmacy,Minneapolis,49.729706275705226,60324.71428571428,3.0
55411,Hennepin County (dba) (NorthPoint Health Center Pharmacy),Minneapolis,56.5225989198842,76045.07692307692,4.0
55454,Hikma Pharmacy Inc.,Minneapolis,48.12176439843005,48017.307692307695,3.0
55044,"Hy-Vee, Inc.",Lakeville,,,
55121,"Hy-Vee, Inc. ",Eagan,48.78854625550661,-333297800.0,3.0
55016,"Hy-Vee, Inc. (dba) Hy-Vee Pharmacy (#1090)",Cottage Grove,,,
55082,JJEL LLC (dba) Valley Drug,Stillwater,,,
55114,Jubilant Draximage Inc (dba) Jubilant Radiopharma ,St Paul,33.48378740777401,64232.5,3.0
55406,Lake Cedar Pharmacy LLC,Minneapolis,30.99284189007094,83453.86956521739,3.0
55110,Medicine Chest Pharmacy Inc. (dba) Medicine Chest Pharmacy,White Bear Lake,18.04912755666163,94159.25,1.0
55413,Minnesota Medication Repository Program (dba) RoundtableRx,Minneapolis,33.484947682869674,78144.95,3.0
55128,Mix Pharmacy LLC,Oakdale,39.96105153678428,87334.42857142857,3.0
55416,"MOBE, LLC",Minneapolis,20.626432165400534,117380.90909090909,2.0
55408,Nicollet Pharmacy L.L.C. ,Minneapolis,39.866922581755176,79234.61111111111,3.0
55433,"Nura, PLLC",Coon Rapids,35.15387464554487,115669.33333333333,3.0
55104,Open Cities Health Center Inc,St Paul,36.69850585865735,82084.51612903226,3.0
55420,Optimedicus LLC,Bloomington,44.6695902448575,80287.64285714286,3.0
55113,"Option Care Enterprises, inc. (dba) Option Care",Roseville,32.380987846438636,90358.74074074074,3.0
55104,Our Lady of Peace (dba) Our Lady of Peace Home,St Paul,36.69850585865735,82084.51612903226,3.0
55113,"Pediatric Home Respiratory Services, LLC (dba) Pediatric Home Service",Roseville,32.380987846438636,90358.74074074074,3.0
55455,"PETNET Solutions, Inc",Minneapolis,42.37711904409654,39863.88888888889,3.0
55421,Pharmacy Corporation of America (dba) PharMerica,Fridley,39.741263660522385,93250.92307692308,3.0
55422,PillPack LLC (dba) Amazon Pharmacy #013,Golden Valley,43.02904827678828,86898.64,3.0
55110,Post Acute Pharmacy Consulting L.L.C.,White Bear Lake,18.04912755666163,94159.25,1.0
55443,"PrairieCare, LLC (dba) PrairieCare",Brooklyn Park,60.36312681583188,96802.61111111111,4.0
55344,RedPharm Drug,Eden Prairie,28.21815259024761,133610.0,2.0
55422,Robbinsdale Pharmacy Inc,Robbinsdale,43.02904827678828,86898.64,3.0
55025,Rolseth Drug Co.,Forest Lake,,,
55391,"Rx Artisans, Inc.",Wayzata,14.354530044435089,143901.45,1.0
55121,"Sam West, Inc.",Eagan,48.78854625550661,-333297800.0,3.0
55311,"Sam's West, Inc.",Maple Grove,21.42124260300039,149526.42857142858,2.0
55110,"Sam's West, Inc.",White Bear Lake,18.04912755666163,94159.25,1.0
55432,Sam's West. Inc.,Fridley,43.98249673450688,101027.5,3.0
55113,Setzer Pharmacy Inc.,Roseville,32.380987846438636,90358.74074074074,3.0
55318,"SUPERVALU Pharmacies, Inc. (Cub Pharmacy)",Chaska,27.986710419027943,217288.5,2.0
55016,"SUPERVALU Pharmacies, Inc. (dba) Cub Pharmacy",Cottage Grove,,,
55082,"SUPERVALU Pharmacies, Inc. (dba) Cub Pharmacy #1612/602",Stillwater,,,
55044,"SUPERVALU Pharmacies, Inc. (dba) Cub Pharmacy (#1656/759)",Lakeville,,,
55044,"SUPERVALU Pharmacies, Inc. (dba) Cub Pharmacy (#1657/786)",Lakeville,,,
55082,"SUPERVALU Pharmacies, Inc. (dba) Cub Specialty Pharmacy #1964",Stillwater,,,
55025,"SUPERVALU Pharmacies, Inc. (dba)Cub Pharmacy #1634/693",Forest Lake,,,
55369,"SUPERVALU Pharmacies, Inc., (dba) Cub Pharmacy (#1600/661)",Maple Grove,24.483588825999586,122452.59090909091,2.0
55409,"The Aliveness Project, Inc. (dba) THRIVE Rx",Minneapolis,32.8860726308077,103234.125,3.0
55432,Total Care Pharmacy,Fridley,43.98249673450688,101027.5,3.0
55439,"Tria Pharmacy, LLC",Minneapolis,20.90466757153944,142256.23076923078,2.0
55112,Trinity Pharmacy LLC,Arden Hills,27.236588422704266,103865.09090909091,2.0
55102,United Family Practice Health Center (dba) Riverland Community Health Center,St Paul,36.68327645603593,72296.52631578948,3.0
55432,Wal-Mart Pharmacy #10-1952,Fridley,43.98249673450688,101027.5,3.0
55016,Wal-Mart Pharmacy #10-2448,Cottage Grove,,,
55318,Walgreen CO. (dba) Walgreens #05325,Chaska,27.986710419027943,217288.5,2.0
55317,Walgreen Co. (dba) Walgreens #09728,Chanhassen,21.97344049706177,163807.14285714287,2.0
55113,Walgreen Co. (dba) Walgreens #21577,Roseville,32.380987846438636,90358.74074074074,3.0
55044,Walgreen Co. (dba) Walgreens #7728,Lakeville,,,
55044,Walgreen Co. (dba) WALGREENS (#05634),Lakeville,,,
55124,Walgreen Co. (dba) WALGREENS (#09727),Apple Valley,,,
55445,Walgreen Co. (dba) Walgreens Central Fill #21426,Brooklyn Park,42.284806854457656,102749.73333333334,3.0
55408,Walgreen Co. (dba) Walgreens Specialty Pharmacy #11916,Minneapolis,39.866922581755176,79234.61111111111,3.0
55025,Walmart Inc. (dba) Walmart Pharmacy (#2274),Forest Lake,,,
55124,Walmart Inc. (dba) Walmart Pharmacy (#2642),Apple Valley,,,
55076,Walmart Inc. (dba) Walmart Pharmacy (#5089),Inver Grove Heights,,,
55044,Walmart Inc. (dba) Walmart Pharmacy (#5992),Lakeville,,,
55107,"West Side Community Health Services, Inc (dba) West Side Community Health Services Pharmacy",St Paul,41.160263099217836,-66597588.5,3.0
