GEOID,med_hh_income,total_pop,carless_rate,total_hh,dist_m,qato_desert,walk_inaccessible,drive_inaccessible,carless_pop,car_pop,mwdr_pop,mwdr_score,Qinc
27053000101,79821,3087,0.0506,1127,1835.3611891684302,1,1,0,156.2022,2930.7978000000003,156.2022,0.0506,2
27053000102,84524,5038,0.2113,1860,3120.032526235605,1,1,0,1064.5294,3973.4705999999996,1064.5294,0.2113,2
27053000300,91681,3112,0.0424,1273,1604.405193646298,1,1,0,131.9488,2980.0512,131.9488,0.0424,3
27053000601,97120,4206,0.0513,1909,1009.2026307586624,1,1,0,215.7678,3990.2322,215.7678,0.0513,3
27053000603,130625,3297,0.0225,1375,1307.7289090126571,1,1,0,74.18249999999999,3222.8175,74.18249999999999,0.022499999999999996,4
27053001100,82466,2216,0.0529,946,465.76438662426165,0,0,0,117.22640000000001,2098.7736,0.0,0.0,2
27053001700,65792,2232,0.0912,1009,1671.300375700328,1,1,0,203.5584,2028.4416,203.5584,0.0912,1
27053002200,63125,1342,0.1676,370,482.2153083803578,0,0,0,224.9192,1117.0808,0.0,0.0,1
27053002400,79727,2330,0.1042,1325,1638.007811469564,1,1,0,242.786,2087.214,242.786,0.1042,2
27053002700,81167,2660,0.1121,856,1938.5565717502636,1,1,0,298.18600000000004,2361.814,298.18600000000004,0.11210000000000002,2
27053003200,55486,1957,0.1809,669,2235.44490641192,1,1,0,354.0213,1602.9787,354.0213,0.1809,1
27053003300,61278,2656,0.0705,638,1592.1358317620436,1,1,0,187.248,2468.752,187.248,0.0705,1
27053003801,42361,2731,0.3555,1488,800.3383289747302,0,0,0,970.8705,1760.1295000000002,0.0,0.0,1
27053003802,34931,3895,0.3935,958,407.5894705203182,0,0,0,1532.6825000000001,2362.3175,0.0,0.0,1
27053005901,25625,3017,0.4733,1443,482.8508831617148,0,0,0,1427.9461,1589.0538999999999,0.0,0.0,1
27053005902,47641,3308,0.3029,1119,91.71938444677804,0,0,0,1001.9932,2306.0068,0.0,0.0,1
27053006800,46943,4059,0.2291,2165,462.5763217663506,0,0,0,929.9168999999999,3129.0831000000003,0.0,0.0,1
27053007700,76534,5997,0.1048,3665,440.5707295903716,0,0,0,628.4856,5368.5144,0.0,0.0,2
27053007801,54250,1830,0.1178,713,251.32725795131702,0,0,0,215.574,1614.426,0.0,0.0,1
27053008100,75938,3753,0.1062,1873,388.8578148850942,0,0,0,398.5686,3354.4314,0.0,0.0,2
27053008200,51191,3846,0.2841,2133,439.5929448888841,0,0,0,1092.6486,2753.3514,0.0,0.0,1
27053008300,70404,2145,0.1503,579,735.7425168695493,0,0,0,322.39349999999996,1822.6065,0.0,0.0,1
27053008400,93958,2466,0.068,706,954.4287121014385,1,1,0,167.68800000000002,2298.312,167.68800000000002,0.068,3
27053008500,64625,3639,0.0665,1639,575.771081236182,0,0,0,241.9935,3397.0065,0.0,0.0,1
27053009500,76458,2476,0.1186,1012,1113.9777579899403,1,1,0,293.6536,2182.3464,293.6536,0.1186,2
27053009600,86734,3371,0.0806,1315,1028.7589085045076,1,1,0,271.7026,3099.2974,271.7026,0.0806,2
27053010600,156574,3154,0.0111,1260,1463.7768639201224,1,1,0,35.0094,3118.9906,35.0094,0.0111,4
27053010700,143080,2574,0.0051,985,1913.123801220905,1,1,0,13.127400000000002,2560.8726,13.127400000000002,0.0051,4
27053011000,109722,3663,0.005,1590,659.7709345589477,0,0,0,18.315,3644.685,0.0,0.0,3
27053011703,156722,3917,0.0038,1597,1764.507858430641,1,1,0,14.8846,3902.1153999999997,14.8846,0.0038,4
27053011704,173382,3283,0.0415,1350,1486.5135862091574,1,1,0,136.24450000000002,3146.7555,136.24450000000002,0.0415,4
27053011800,121450,4513,0.0094,1921,1902.9368659154447,1,1,0,42.422200000000004,4470.5778,42.422200000000004,0.0094,4
27053011998,97766,4083,0.0501,2015,1065.0904271827947,1,1,0,204.5583,3878.4417,204.5583,0.0501,3
27053012001,146117,6420,0.0176,2560,1408.8326696442416,1,1,0,112.992,6307.008000000001,112.992,0.0176,4
27053012003,97125,5519,0.0216,2449,88.55899772196548,0,0,0,119.2104,5399.7896,0.0,0.0,3
27053012101,84185,3011,0.1491,1174,2055.717392203029,1,1,0,448.94010000000003,2562.0598999999997,448.94010000000003,0.1491,2
27053012102,94704,3615,0.0,1453,763.8451673964872,0,0,0,0.0,3615.0,0.0,0.0,3
27053020101,159028,3223,0.0371,1213,669.4890081525987,0,0,0,119.5733,3103.4267,0.0,0.0,4
27053020102,94198,2550,0.0488,1148,469.5198057796969,0,0,0,124.44000000000001,2425.56,0.0,0.0,3
27053020201,46094,2697,0.2394,940,1622.872935254372,1,1,0,645.6618,2051.3381999999997,645.6618,0.2394,1
27053020202,69549,5537,0.0873,1912,2152.59084733884,1,1,0,483.3801,5053.6199,483.3801,0.0873,1
27053020301,93879,2847,0.0515,816,1145.1246811312071,1,1,0,146.6205,2700.3795,146.6205,0.0515,3
27053020302,60983,2925,0.1864,998,1678.9676380460166,1,1,0,545.22,2379.7799999999997,545.22,0.1864,1
27053020303,94095,4104,0.0552,1305,904.2121984374172,1,1,0,226.5408,3877.4592,226.5408,0.0552,3
27053020304,65288,3732,0.0254,1259,643.1678143110374,0,0,0,94.7928,3637.2072000000003,0.0,0.0,1
27053020400,60625,5050,0.0653,2037,789.3114246106951,0,0,0,329.765,4720.235,0.0,0.0,1
27053020500,87228,3705,0.0742,1281,1921.0306081500835,1,1,0,274.911,3430.089,274.911,0.0742,2
27053020600,79457,2214,0.0369,758,2118.5806090105843,1,1,0,81.6966,2132.3034,81.6966,0.0369,2
27053020700,90185,4066,0.0586,1706,559.5291343216245,0,0,0,238.2676,3827.7324,0.0,0.0,2
27053020801,78462,1872,0.0756,886,788.3007594123234,0,0,0,141.5232,1730.4768,0.0,0.0,2
27053020804,76325,2966,0.082,1232,530.3145738231498,0,0,0,243.21200000000002,2722.788,0.0,0.0,2
27053020902,110250,2513,0.0,928,1456.6585332041193,1,1,0,0.0,2513.0,0.0,0.0,3
27053020903,99482,2928,0.0,1147,1632.8539056273128,1,1,0,0.0,2928.0,0.0,0.0,3
27053021001,82409,6415,0.0702,2522,1441.158366800502,1,1,0,450.33299999999997,5964.6669999999995,450.33299999999997,0.0702,2
27053021002,84792,1738,0.1209,761,1375.5587939643028,1,1,0,210.1242,1527.8758,210.1242,0.12090000000000001,2
27053021100,82500,1651,0.1005,816,920.9588992250829,1,1,0,165.9255,1485.0745,165.9255,0.1005,2
27053021200,107370,4568,0.0363,1931,782.7763239519079,0,0,0,165.8184,4402.1816,0.0,0.0,3
27053021300,72135,4996,0.2269,2446,441.2517456786013,0,0,0,1133.5924,3862.4076,0.0,0.0,2
27053021400,91310,3103,0.0376,1251,600.7047828902244,0,0,0,116.67280000000001,2986.3272,0.0,0.0,3
27053021501,78558,4728,0.0967,2037,2012.5175820137135,1,1,0,457.19759999999997,4270.8024,457.19759999999997,0.0967,2
27053021502,56200,4207,0.1748,1556,1495.8876362208084,1,1,0,735.3836,3471.6164,735.3836,0.1748,1
27053021503,64355,4147,0.0527,1953,700.9832121651799,0,0,0,218.5469,3928.4531,0.0,0.0,1
27053021504,72306,3468,0.0181,1545,784.3176655449055,0,0,0,62.77080000000001,3405.2291999999998,0.0,0.0,2
27053021505,91607,5039,0.0452,2148,876.8977825883304,1,1,0,227.7628,4811.2372,227.7628,0.0452,3
27053021601,91392,4681,0.0605,2051,898.6938996390852,1,1,0,283.2005,4397.7995,283.2005,0.0605,3
27053021602,76782,5408,0.1875,2678,1056.5530540970985,1,1,0,1014.0,4394.0,1014.0,0.1875,2
27053021700,155592,5227,0.0,2055,1305.06988115854,1,1,0,0.0,5227.0,0.0,0.0,4
27053021800,139526,2257,0.0848,967,1747.9563154701223,1,1,0,191.3936,2065.6064,191.3936,0.0848,4
27053021900,111597,4354,0.0568,1920,1802.213909187508,1,1,0,247.30720000000002,4106.6928,247.30720000000002,0.0568,3
27053022000,86797,2348,0.0372,1453,296.3823710477141,0,0,0,87.34559999999999,2260.6544,0.0,0.0,2
27053022101,103549,2539,0.0647,1313,774.82350260149,0,0,0,164.27329999999998,2374.7267,0.0,0.0,3
27053022102,69813,2808,0.0798,1479,479.7689408187714,0,0,0,224.0784,2583.9216,0.0,0.0,1
27053022200,117658,4630,0.0155,2135,1441.5425707353531,1,1,0,71.765,4558.235000000001,71.765,0.0155,4
27053022301,84850,2007,0.1665,967,1008.7629626666381,1,1,0,334.1655,1672.8345,334.1655,0.1665,2
27053022302,63125,3956,0.1363,1563,585.1978237824487,0,0,0,539.2028,3416.7972,0.0,0.0,1
27053022400,116048,3737,0.0566,1644,772.0213945107059,0,0,0,211.5142,3525.4858,0.0,0.0,3
27053022700,102292,3881,0.0373,1825,1624.0725182946453,1,1,0,144.7613,3736.2387,144.7613,0.0373,3
27053022801,166613,2454,0.0,918,1209.5084538067024,1,1,0,0.0,2454.0,0.0,0.0,4
27053022802,73953,3559,0.0547,2065,654.6155240032365,0,0,0,194.6773,3364.3227,0.0,0.0,2
27053022901,92036,5310,0.1114,3079,336.3408004941542,0,0,0,591.534,4718.466,0.0,0.0,3
27053022902,158500,2035,0.0052,776,1098.832806158352,1,1,0,10.581999999999999,2024.4180000000001,10.581999999999999,0.0052,4
27053023000,132604,4338,0.0196,2301,268.1968404929717,0,0,0,85.0248,4252.9752,0.0,0.0,4
27053023100,195000,2062,0.0081,740,1031.882405129643,1,1,0,16.702199999999998,2045.2978,16.702199999999998,0.0081,4
27053023201,64633,2276,0.0945,1026,870.4530700423679,1,1,0,215.082,2060.918,215.082,0.0945,1
27053023202,57734,4092,0.0895,2101,647.3656485448134,0,0,0,366.234,3725.766,0.0,0.0,1
27053023300,79179,5948,0.0921,3278,263.64979117851357,0,0,0,547.8108,5400.1892,0.0,0.0,2
27053023401,73359,4597,0.1255,2430,1467.1341792570483,1,1,0,576.9235,4020.0765,576.9235,0.1255,2
27053023402,118349,1783,0.1599,688,1250.5885176037802,1,1,0,285.1017,1497.8983,285.1017,0.1599,4
27053023501,102404,3643,0.0807,1772,1407.8947171643038,1,1,0,293.9901,3349.0099,293.9901,0.0807,3
27053023502,120143,6533,0.0041,2676,2529.360209752307,1,1,0,26.785300000000003,6506.2147,26.785300000000003,0.0041,4
27053023600,250001,4039,0.0399,1478,824.1722655405916,1,1,0,161.15609999999998,3877.8439,161.15609999999998,0.0399,4
27053023700,202143,5444,0.0254,2126,1843.1145155425133,1,1,0,138.2776,5305.722400000001,138.2776,0.025400000000000002,4
27053023801,202337,5437,0.0116,1899,1503.8955733224188,1,1,0,63.069199999999995,5373.9308,63.069199999999995,0.0116,4
27053023802,179844,2858,0.0217,1061,1251.339371225081,1,1,0,62.0186,2795.9813999999997,62.0186,0.0217,4
27053023901,180978,4258,0.0159,1386,1787.9233399636687,1,1,0,67.7022,4190.2978,67.7022,0.0159,4
27053023902,250001,1850,0.0082,612,1314.7146338561317,1,1,0,15.170000000000002,1834.83,15.170000000000002,0.0082,4
27053023903,139000,3303,0.0,1526,1058.043994465982,1,1,0,0.0,3303.0,0.0,0.0,4
27053024003,86126,4650,0.1094,2057,614.6945655947216,0,0,0,508.71,4141.29,0.0,0.0,2
27053024004,61061,3816,0.1784,2696,669.5400427796554,0,0,0,680.7744,3135.2256,0.0,0.0,1
27053024005,67569,3050,0.1375,1847,362.9385473709388,0,0,0,419.37500000000006,2630.625,0.0,0.0,1
27053024006,158603,2182,0.0667,929,1080.9147918803467,1,1,0,145.5394,2036.4606,145.5394,0.0667,4
27053024100,92606,3352,0.0689,1554,279.6035995787133,0,0,0,230.9528,3121.0472,0.0,0.0,3
27053024200,135119,3235,0.0184,1356,741.9511705985253,0,0,0,59.524,3175.476,0.0,0.0,4
27053024300,71806,4683,0.1017,2410,858.8230836246204,1,1,0,476.2611,4206.7389,476.2611,0.1017,2
27053024400,70500,4182,0.1627,2336,431.50772502570635,0,0,0,680.4114000000001,3501.5885999999996,0.0,0.0,1
27053024500,108421,2452,0.0088,910,1121.7555703095825,1,1,0,21.5776,2430.4224,21.5776,0.0088,3
27053024600,85290,4079,0.1015,1882,723.7538762028702,0,0,0,414.0185,3664.9815,0.0,0.0,2
27053024700,114213,3092,0.0462,1255,1016.8959140105399,1,1,0,142.8504,2949.1495999999997,142.8504,0.046200000000000005,3
27053024801,72151,2765,0.1272,1061,1323.820262558262,1,1,0,351.708,2413.292,351.708,0.1272,2
27053024802,63135,2880,0.2425,1126,522.8443849533511,0,0,0,698.4,2181.6000000000004,0.0,0.0,1
27053024903,86406,2224,0.1532,829,1237.6753011987723,1,1,0,340.71680000000003,1883.2832,340.71680000000003,0.1532,2
27053024904,80833,3781,0.0866,1502,561.7989617311509,0,0,0,327.4346,3453.5654,0.0,0.0,2
27053025100,71066,3632,0.0637,1853,3378.023131957449,1,1,1,231.35840000000002,3400.6416,3632.0,1.0,2
27053025201,70250,5465,0.0846,1749,911.8955270872103,1,1,0,462.339,5002.661,462.339,0.0846,1
27053025205,80037,5296,0.0406,1969,2387.526119284176,1,1,0,215.0176,5080.9824,215.0176,0.0406,2
27053025301,101875,2882,0.1165,1202,2154.7254962035627,1,1,0,335.75300000000004,2546.247,335.75300000000004,0.11650000000000002,3
27053025302,59058,4823,0.1192,2098,788.2592474807001,0,0,0,574.9016,4248.0984,0.0,0.0,1
27053025401,78583,4141,0.0646,1579,743.992109433448,0,0,0,267.5086,3873.4914,0.0,0.0,2
27053025403,63618,4365,0.08,1699,1121.0668352719465,1,1,0,349.2,4015.8,349.2,0.08,1
27053025601,84853,2527,0.1667,1248,1301.4164293846843,1,1,0,421.25089999999994,2105.7491,421.25089999999994,0.1667,2
27053025603,100455,3639,0.0214,1492,1106.4551338091308,1,1,0,77.8746,3561.1254,77.8746,0.0214,3
27053025605,82647,3688,0.0253,1778,655.09167182356,0,0,0,93.3064,3594.6936,0.0,0.0,2
27053025702,112778,5510,0.1349,2180,2113.840759225006,1,1,0,743.299,4766.701,743.299,0.1349,3
27053025703,97094,1988,0.0635,945,2082.6834468976926,1,1,0,126.238,1861.762,126.238,0.0635,3
27053025704,89269,4380,0.0327,1924,967.6670477875309,1,1,0,143.226,4236.774,143.226,0.0327,2
27053025801,83507,3166,0.0418,1603,1440.3535232348788,1,1,0,132.3388,3033.6612,132.3388,0.0418,2
27053025802,123237,2475,0.0108,923,1605.5433867307397,1,1,0,26.73,2448.27,26.73,0.0108,4
27053025803,98097,3056,0.0158,1330,106.5875145602027,0,0,0,48.284800000000004,3007.7152,0.0,0.0,3
27053025805,118839,2788,0.0253,989,1409.9789517379327,1,1,0,70.5364,2717.4636,70.5364,0.0253,4
27053025905,130357,3495,0.0603,1510,2548.992724687279,1,1,0,210.7485,3284.2515,210.7485,0.0603,4
27053025906,91352,5785,0.0529,2664,1846.9518876028865,1,1,0,306.0265,5478.9735,306.0265,0.0529,3
27053025907,107417,4637,0.054,2184,1760.1922266920478,1,1,0,250.398,4386.602,250.398,0.054,3
27053025908,106875,4134,0.026,2035,1454.6550803314349,1,1,0,107.484,4026.516,107.484,0.026,3
27053025909,119750,3000,0.0,1270,1080.0212432477801,1,1,0,0.0,3000.0,0.0,0.0,4
27053026005,115753,4123,0.0242,1568,1801.6347297345135,1,1,0,99.7766,4023.2234,99.7766,0.0242,3
27053026006,118831,3518,0.0,1393,2511.801125121906,1,1,0,0.0,3518.0,0.0,0.0,4
27053026007,101598,4597,0.0448,2121,942.2367096459102,1,1,0,205.94559999999998,4391.0544,205.94559999999998,0.0448,3
27053026013,154875,5171,0.0323,1703,2784.945135610749,1,1,0,167.0233,5003.9767,167.0233,0.0323,4
27053026014,145811,5339,0.0112,1970,1705.028645858942,1,1,0,59.7968,5279.2032,59.7968,0.0112,4
27053026015,112813,5092,0.0064,2027,2342.027857447316,1,1,0,32.5888,5059.4112000000005,32.5888,0.0063999999999999994,3
27053026019,88932,4444,0.0587,2146,534.7457785938252,0,0,0,260.8628,4183.1372,0.0,0.0,2
27053026020,88523,4988,0.0444,2364,606.9936116587246,0,0,0,221.46720000000002,4766.5328,0.0,0.0,2
27053026021,146442,3736,0.0209,1531,2241.2450702256597,1,1,0,78.08239999999999,3657.9175999999998,78.08239999999999,0.0209,4
27053026023,136900,3603,0.0,1569,1867.241573421772,1,1,0,0.0,3603.0,0.0,0.0,4
27053026024,105375,3360,0.0179,1618,1561.6826920429644,1,1,0,60.144,3299.8559999999998,60.144,0.0179,3
27053026025,221472,2571,0.0,805,2592.5856559484373,1,1,0,0.0,2571.0,0.0,0.0,4
27053026026,226827,5302,0.0296,1755,4068.994527064705,1,1,1,156.9392,5145.0608,5302.0,1.0,4
27053026027,129188,3989,0.0,1751,1204.603569161135,1,1,0,0.0,3989.0,0.0,0.0,4
27053026028,207750,3416,0.0009,1118,4259.445145627634,1,1,1,3.0744,3412.9256,3416.0,1.0,4
27053026101,161458,3281,0.0145,1311,1424.5612870929353,1,1,0,47.5745,3233.4255000000003,47.5745,0.0145,4
27053026103,124898,3342,0.0149,1275,2271.8503126247106,1,1,0,49.7958,3292.2042,49.7958,0.0149,4
27053026104,90014,4611,0.0065,2623,3007.4960263192534,1,1,0,29.9715,4581.0285,29.9715,0.0065,2
27053026201,151558,3748,0.0,1314,641.0252276191302,0,0,0,0.0,3748.0,0.0,0.0,4
27053026202,149861,2858,0.0511,1174,3021.6338942021375,1,1,0,146.0438,2711.9562,146.0438,0.0511,4
27053026205,152450,2863,0.0383,1123,1223.8971334821115,1,1,0,109.6529,2753.3471,109.6529,0.0383,4
27053026206,127625,2997,0.1916,1284,2991.499017782875,1,1,0,574.2252,2422.7748,574.2252,0.1916,4
27053026207,114476,3690,0.0779,1591,1587.4904486991568,1,1,0,287.45099999999996,3402.549,287.45099999999996,0.0779,3
27053026208,151328,2992,0.0185,1189,3344.604219090791,1,1,1,55.352,2936.648,2992.0,1.0,4
27053026301,170658,3749,0.0631,1742,2020.2244241936144,1,1,0,236.5619,3512.4381,236.5619,0.0631,4
27053026302,136058,3335,0.0142,1341,3028.6260980737784,1,1,0,47.357,3287.643,47.357,0.014199999999999999,4
27053026403,94727,3592,0.0809,1668,1098.268974083802,1,1,0,290.5928,3301.4072,290.5928,0.0809,3
27053026404,152000,6046,0.0178,2698,1123.172697227724,1,1,0,107.6188,5938.3812,107.6188,0.0178,4
27053026405,103500,2439,0.0361,970,1340.6109587981048,1,1,0,88.0479,2350.9521,88.0479,0.0361,3
27053026406,79838,3713,0.0416,2045,1737.9713107483317,1,1,0,154.4608,3558.5392,154.4608,0.041600000000000005,2
27053026505,128828,3905,0.0417,1583,1030.7189315131543,1,1,0,162.8385,3742.1615,162.8385,0.0417,4
27053026507,110671,4609,0.0799,2139,1443.3392819409692,1,1,0,368.2591,4240.7409,368.2591,0.0799,3
27053026508,130739,4763,0.0,2081,1946.3851638589429,1,1,0,0.0,4763.0,0.0,0.0,4
27053026509,167083,4888,0.0199,1807,1364.5715967944147,1,1,0,97.27120000000001,4790.7288,97.27120000000001,0.0199,4
27053026510,84898,3546,0.0464,1638,646.413028753491,0,0,0,164.53439999999998,3381.4656,0.0,0.0,2
27053026511,82061,3652,0.0352,1561,858.3326154341794,1,1,0,128.5504,3523.4496,128.5504,0.0352,2
27053026514,86360,5088,0.007,2278,534.0757892615067,0,0,0,35.616,5052.384,0.0,0.0,2
27053026515,88988,2043,0.0364,879,1499.8010990623577,1,1,0,74.3652,1968.6348,74.3652,0.0364,2
27053026516,100177,3631,0.0102,1666,2395.0780528597393,1,1,0,37.0362,3593.9638,37.0362,0.0102,3
27053026605,156272,4092,0.0405,1557,733.7070100902924,0,0,0,165.726,3926.274,0.0,0.0,4
27053026606,144212,4923,0.0254,1931,929.3889029228403,1,1,0,125.04419999999999,4797.9558,125.04419999999999,0.0254,4
27053026609,133144,2958,0.0069,1163,2413.7932652120066,1,1,0,20.4102,2937.5897999999997,20.4102,0.0069,4
27053026610,152614,4242,0.0181,1600,555.2521672485467,0,0,0,76.78020000000001,4165.2198,0.0,0.0,4
27053026611,91042,4897,0.1025,2342,1230.8079363745867,1,1,0,501.9425,4395.0575,501.9425,0.1025,3
27053026614,159904,3363,0.0207,1302,1368.0405837273215,1,1,0,69.6141,3293.3858999999998,69.6141,0.0207,4
27053026615,185351,6935,0.0,2836,1508.3317918276673,1,1,0,0.0,6935.0,0.0,0.0,4
27053026616,240008,10761,0.0083,3482,2257.681048505669,1,1,0,89.3163,10671.6837,89.3163,0.0083,4
27053026617,114125,1771,0.0792,795,1013.5604632204247,1,1,0,140.2632,1630.7368,140.2632,0.0792,3
27053026702,66875,2601,0.1128,1152,1039.5032502985587,1,1,0,293.39279999999997,2307.6072,293.39279999999997,0.11279999999999998,1
27053026706,97857,3226,0.0146,1300,2358.6545569774726,1,1,0,47.0996,3178.9004,47.0996,0.0146,3
27053026707,110268,5318,0.0045,2010,2183.42353445607,1,1,0,23.930999999999997,5294.069,23.930999999999997,0.0045,3
27053026708,149821,5718,0.0092,2273,759.4693453101481,0,0,0,52.6056,5665.3944,0.0,0.0,4
27053026711,100799,3766,0.0073,1509,983.8274496575481,1,1,0,27.4918,3738.5082,27.4918,0.0073,3
27053026712,100000,3323,0.0464,1292,430.2471639410755,0,0,0,154.1872,3168.8128,0.0,0.0,3
27053026713,107397,4198,0.0109,1836,1630.0269422858307,1,1,0,45.7582,4152.2418,45.7582,0.0109,3
27053026717,113628,6251,0.016,2380,1328.173416947277,1,1,0,100.016,6150.9839999999995,100.016,0.016,3
27053026718,135856,3761,0.0972,1513,1240.3490366503959,1,1,0,365.56919999999997,3395.4308,365.56919999999997,0.0972,4
27053026719,179758,6247,0.0,2011,1837.0633766312226,1,1,0,0.0,6247.0,0.0,0.0,4
27053026720,162366,5010,0.0901,1753,2694.6949722816944,1,1,0,451.401,4558.599,451.401,0.0901,4
27053026721,121623,2762,0.0,1156,1765.0498996767371,1,1,0,0.0,2762.0,0.0,0.0,4
27053026722,190164,5011,0.0044,1821,952.8932631169573,1,1,0,22.0484,4988.9516,22.0484,0.0044,4
27053026723,192336,4470,0.0046,1532,976.4297571711875,1,1,0,20.562,4449.438,20.562,0.0046,4
27053026724,111711,4784,0.0461,2430,562.3511315499488,0,0,0,220.54240000000001,4563.4576,0.0,0.0,3
27053026725,123909,2521,0.0255,1256,1263.5353563727424,1,1,0,64.2855,2456.7145,64.2855,0.0255,4
27053026726,141607,4173,0.0073,1654,2181.899466408521,1,1,0,30.4629,4142.5371000000005,30.4629,0.0073,4
27053026807,61667,5412,0.0931,2084,790.0421376608357,0,0,0,503.85720000000003,4908.1428000000005,0.0,0.0,1
27053026809,61431,5387,0.1594,2007,2059.9967092729785,1,1,0,858.6877999999999,4528.3122,858.6877999999999,0.1594,1
27053026811,73813,5608,0.0184,1689,2035.3128084446944,1,1,0,103.1872,5504.812800000001,103.1872,0.0184,2
27053026812,110560,8133,0.0692,3064,1204.729799877196,1,1,0,562.8036,7570.1964,562.8036,0.0692,3
27053026814,118536,6606,0.0,2073,1227.5804275379448,1,1,0,0.0,6606.0,0.0,0.0,4
27053026815,103095,5905,0.0403,1786,2139.0702746255147,1,1,0,237.97150000000002,5667.0285,237.97150000000002,0.0403,3
27053026816,82813,6564,0.0068,2190,951.8190777597995,1,1,0,44.6352,6519.364799999999,44.6352,0.0068,2
27053026818,86875,7005,0.0702,2152,902.0098145232548,1,1,0,491.751,6513.249,491.751,0.0702,2
27053026819,41691,4895,0.3835,2055,863.5536607545685,1,1,0,1877.2325,3017.7675000000004,1877.2325,0.3835,1
27053026822,120333,4903,0.0158,1836,692.1893762664494,0,0,0,77.46740000000001,4825.5326,0.0,0.0,4
27053026823,145993,5427,0.0185,1783,1466.3546302512013,1,1,0,100.39949999999999,5326.6005000000005,100.39949999999999,0.0185,4
27053026824,129929,4825,0.0906,1733,1248.7227260712446,1,1,0,437.145,4387.855,437.145,0.0906,4
27053026825,123932,2918,0.0329,852,1502.435843190511,1,1,0,96.0022,2821.9978,96.0022,0.0329,4
27053026826,117193,3680,0.0146,1234,1416.2255222204678,1,1,0,53.728,3626.2720000000004,53.728,0.0146,4
27053026827,43219,3501,0.0426,1127,653.5069122792087,0,0,0,149.1426,3351.8574000000003,0.0,0.0,1
27053026828,64529,3580,0.1031,1600,1065.4723803161303,1,1,0,369.098,3210.902,369.098,0.1031,1
27053026903,115536,4947,0.0164,1773,1657.7317475195825,1,1,0,81.13080000000001,4865.8692,81.13080000000001,0.0164,3
27053026906,109482,6853,0.005,2606,1777.741258038774,1,1,0,34.265,6818.735,34.265,0.005,3
27053026907,128326,5742,0.0456,2147,1419.379199517559,1,1,0,261.8352,5480.1648000000005,261.8352,0.045599999999999995,4
27053026908,115592,5908,0.0345,2173,1043.6303265750826,1,1,0,203.82600000000002,5704.174,203.82600000000002,0.0345,3
27053026910,137383,8381,0.0162,3034,5979.810702293956,1,1,1,135.7722,8245.2278,8381.0,1.0,4
27053026911,138153,4614,0.039,1563,9526.019595774145,1,1,1,179.946,4434.054,4614.0,1.0,4
27053026912,171156,9287,0.0356,3231,9769.454602470134,1,1,1,330.6172,8956.382800000001,9287.000000000002,1.0000000000000002,4
27053027001,139706,3271,0.0091,1214,13595.355270832577,1,1,1,29.7661,3241.2339,3271.0,1.0,4
27053027002,130263,5584,0.0621,2060,10766.980850997032,1,1,1,346.76640000000003,5237.2336,5584.0,1.0,4
27053027101,204647,7663,0.0195,2671,4555.1413635695235,1,1,1,149.4285,7513.5715,7663.0,1.0,4
27053027102,143250,6854,0.0112,2505,5949.744397847414,1,1,1,76.7648,6777.2352,6854.0,1.0,4
27053027202,95972,1710,0.0667,675,5431.627833755772,1,1,1,114.05699999999999,1595.943,1710.0,1.0,3
27053027203,68971,3585,0.1077,1968,2979.7476015176003,1,1,0,386.10450000000003,3198.8955,386.10450000000003,0.1077,1
27053027204,194643,3508,0.0146,1374,4573.547167562165,1,1,1,51.2168,3456.7832000000003,3508.0000000000005,1.0000000000000002,4
27053027205,225337,3391,0.0448,1138,4868.231023062291,1,1,1,151.9168,3239.0832,3391.0,1.0,4
27053027300,125344,4363,0.0963,2149,1177.7710355107226,1,1,0,420.1569,3942.8430999999996,420.1569,0.0963,4
27053027400,177500,4340,0.043,1744,2748.827321802961,1,1,0,186.61999999999998,4153.38,186.61999999999998,0.043,4
27053027501,122090,4440,0.0309,2006,5467.213638916405,1,1,1,137.196,4302.804,4440.0,1.0,4
27053027503,190365,4382,0.0,1661,4176.812256279062,1,1,1,0.0,4382.0,4382.0,1.0,4
27053027504,150469,3297,0.0457,1291,3299.041032270993,1,1,1,150.6729,3146.3271,3297.0,1.0,4
27053027601,98750,4065,0.1414,1931,1599.8106957295558,1,1,0,574.7909999999999,3490.2090000000003,574.7909999999999,0.1414,3
27053027602,83167,5111,0.0384,2498,1543.2037895100475,1,1,0,196.26239999999999,4914.7376,196.26239999999999,0.0384,2
27053027701,139318,3693,0.0064,1252,5970.4190976038,1,1,1,23.6352,3669.3648000000003,3693.0000000000005,1.0000000000000002,4
27053027702,116500,1982,0.0,818,8922.966393728591,1,1,1,0.0,1982.0,1982.0,1.0,3
27053027703,164333,4816,0.0,1660,5822.799181273345,1,1,1,0.0,4816.0,4816.0,1.0,4
27053100200,65833,4361,0.0944,1800,2256.7354017138964,1,1,0,411.6784,3949.3215999999998,411.6784,0.0944,1
27053100400,61123,3572,0.0901,1199,2730.027594564936,1,1,0,321.8372,3250.1628,321.8372,0.0901,1
27053100500,58350,1953,0.1415,1060,2159.9103282761116,1,1,0,276.3495,1676.6505000000002,276.3495,0.1415,1
27053100700,78750,3297,0.0245,1223,1017.3678172635335,1,1,0,80.7765,3216.2235,80.7765,0.0245,2
27053100800,88966,4630,0.1221,1482,1866.8351191768973,1,1,0,565.323,4064.677,565.323,0.1221,2
27053100900,67104,5665,0.22,1650,2241.1958443796757,1,1,0,1246.3,4418.7,1246.3,0.22,1
27053101200,130984,4979,0.0234,2223,859.4165602658752,1,1,0,116.5086,4862.4914,116.5086,0.0234,4
27053101300,56734,2042,0.3018,815,1441.797346174085,1,1,0,616.2756,1425.7243999999998,616.2756,0.3018,1
27053101600,22155,2807,0.4376,978,1301.130181199326,1,1,0,1228.3432,1578.6568,1228.3432,0.4376,1
27053101800,71581,4462,0.1669,1780,645.3349667627787,0,0,0,744.7078,3717.2922,0.0,0.0,2
27053101900,66346,2445,0.1944,1394,765.4549579238632,0,0,0,475.308,1969.692,0.0,0.0,1
27053102000,43529,2071,0.1102,926,1833.816114546917,1,1,0,228.22420000000002,1842.7758000000001,228.22420000000002,0.1102,1
27053102100,45789,2745,0.2979,762,1022.9956028438017,1,1,0,817.7355,1927.2644999999998,817.7355,0.2979,1
27053102500,80441,2865,0.1644,1472,1433.980335905606,1,1,0,471.006,2393.994,471.006,0.1644,2
27053102600,78487,2139,0.0433,855,324.4162475190047,0,0,0,92.61869999999999,2046.3813,0.0,0.0,2
27053102800,64167,2692,0.3604,1010,1131.0273871356708,1,1,0,970.1967999999999,1721.8031999999998,970.1967999999999,0.3604,1
27053103000,80806,1898,0.182,1022,1105.0160938161455,1,1,0,345.436,1552.564,345.436,0.182,2
27053103100,76910,2307,0.1037,1119,1870.2604475934481,1,1,0,239.23590000000002,2067.7641,239.23590000000002,0.1037,2
27053103400,49860,3155,0.2416,1432,1175.8003793022588,1,1,0,762.248,2392.752,762.248,0.2416,1
27053103600,104563,3227,0.0681,1953,1133.6473735337677,1,1,0,219.75869999999998,3007.2412999999997,219.75869999999998,0.0681,3
27053103700,57325,4118,0.1281,2716,1333.0226209749096,1,1,0,527.5158,3590.4842,527.5158,0.1281,1
27053103900,26929,4178,0.4354,1378,90.42855606506697,0,0,0,1819.1012,2358.8988,0.0,0.0,1
27053104001,61786,2696,0.0745,846,1173.077743589866,1,1,0,200.852,2495.148,200.852,0.0745,1
27053104002,97628,4452,0.055,1601,1270.1598822057717,1,1,0,244.86,4207.139999999999,244.86,0.055,3
27053104100,61683,4017,0.1861,1295,2177.8096555375914,1,1,0,747.5636999999999,3269.4363000000003,747.5636999999999,0.1861,1
27053104400,67130,2848,0.3902,1361,23.59497125478739,0,0,0,1111.2896,1736.7104,0.0,0.0,1
27053104801,21589,4882,0.4922,2182,251.95218940393255,0,0,0,2402.9204,2479.0796,0.0,0.0,1
27053104802,31339,4607,0.2955,1462,334.1673449367369,0,0,0,1361.3685,3245.6315,0.0,0.0,1
27053104901,21489,7354,0.4876,726,378.21242012906305,0,0,0,3585.8104,3768.1895999999997,0.0,0.0,1
27053104902,33775,4411,0.3154,1975,289.47905653329303,0,0,0,1391.2294000000002,3019.7706,0.0,0.0,1
27053105100,116902,2722,0.0073,1362,2378.588468821615,1,1,0,19.8706,2702.1294000000003,19.8706,0.0073,3
27053105201,78828,3078,0.2447,2329,313.78106510977017,0,0,0,753.1866,2324.8134,0.0,0.0,2
27053105204,51547,2686,0.4138,2129,404.76094588381153,0,0,0,1111.4668,1574.5332,0.0,0.0,1
27053105400,69388,3770,0.217,2055,43.832214516123024,0,0,0,818.09,2951.9100000000003,0.0,0.0,1
27053105500,90662,4121,0.1118,2415,868.7954210785059,1,1,0,460.7278,3660.2722,460.7278,0.1118,3
27053105600,49353,4992,0.3581,3259,572.2398338173775,0,0,0,1787.6352,3204.3648000000003,0.0,0.0,1
27053105700,52875,2961,0.3409,1986,823.0976993888539,1,1,0,1009.4049,1951.5951,1009.4049,0.3409,1
27053106000,31346,2784,0.3537,1148,97.79114480160644,0,0,0,984.7008000000001,1799.2992,0.0,0.0,1
27053106200,47243,4287,0.3528,1984,299.50510380629976,0,0,0,1512.4536,2774.5464,0.0,0.0,1
27053106400,70000,2044,0.2841,1056,468.30372004887056,0,0,0,580.7004000000001,1463.2996,0.0,0.0,1
27053106500,133542,4777,0.0422,2250,1079.6189860480501,1,1,0,201.5894,4575.4106,201.5894,0.0422,4
27053106600,92500,2578,0.1478,1360,272.8967477266514,0,0,0,381.0284,2196.9716000000003,0.0,0.0,3
27053106700,62000,4980,0.2214,3152,580.7186028099187,0,0,0,1102.5720000000001,3877.428,0.0,0.0,1
27053106900,61667,2755,0.3062,1362,886.1064645102225,1,1,0,843.5810000000001,1911.4189999999999,843.5810000000001,0.3062,1
27053107000,57207,3878,0.1868,2147,477.10542357177167,0,0,0,724.4104,3153.5896000000002,0.0,0.0,1
27053107400,58967,1906,0.1564,927,333.53064451149163,0,0,0,298.0984,1607.9016000000001,0.0,0.0,1
27053107500,94688,1904,0.0486,843,696.0788224671654,0,0,0,92.53439999999999,1811.4656,0.0,0.0,3
27053107600,121250,3633,0.0361,1578,1251.4589546746547,1,1,0,131.1513,3501.8487,131.1513,0.0361,4
27053108000,111458,3644,0.0794,2142,668.4366584393772,0,0,0,289.3336,3354.6664,0.0,0.0,3
27053108600,68963,3259,0.1334,1072,708.0830745495474,0,0,0,434.75059999999996,2824.2494,0.0,0.0,1
27053108700,93846,3993,0.2282,1744,935.7921532791563,1,1,0,911.2026,3081.7974000000004,911.2026,0.2282,3
27053108800,72743,3506,0.1982,1529,672.1892379757248,0,0,0,694.8892,2811.1108000000004,0.0,0.0,2
27053108900,92778,2417,0.0565,1150,989.5635325050255,1,1,0,136.5605,2280.4395,136.5605,0.056499999999999995,3
27053109000,143750,1793,0.0172,874,1837.7564151764593,1,1,0,30.8396,1762.1604,30.8396,0.0172,4
27053109100,87480,4997,0.0497,2595,1233.9066700960311,1,1,0,248.3509,4748.6491000000005,248.3509,0.0497,2
27053109200,77319,3575,0.1165,2163,1110.7950657094887,1,1,0,416.4875,3158.5125,416.4875,0.1165,2
27053109300,94038,3831,0.0666,1982,1218.6805879715375,1,1,0,255.14460000000003,3575.8554,255.14460000000003,0.0666,3
27053109400,85385,1994,0.0883,600,1476.2173329073848,1,1,0,176.0702,1817.9298,176.0702,0.0883,2
27053109700,102863,2194,0.038,973,1375.750508691533,1,1,0,83.372,2110.6279999999997,83.372,0.038,3
27053109800,109167,4319,0.0103,1838,1430.521985723466,1,1,0,44.4857,4274.5143,44.4857,0.0103,3
27053109900,104514,3800,0.0089,1807,2274.967887421736,1,1,0,33.82,3766.18,33.82,0.0089,3
27053110000,103875,1545,0.1462,513,975.1071292789379,1,1,0,225.879,1319.121,225.879,0.1462,3
27053110100,98804,3056,0.0481,1350,1281.4380083861765,1,1,0,146.9936,2909.0063999999998,146.9936,0.0481,3
27053110200,91777,3400,0.0362,1631,1636.2882160292897,1,1,0,123.08000000000001,3276.92,123.08000000000001,0.0362,3
27053110400,78546,3486,0.1127,1739,1067.2449103524038,1,1,0,392.87219999999996,3093.1277999999998,392.87219999999996,0.1127,2
27053110500,99981,5241,0.0451,2525,718.5341291530182,0,0,0,236.3691,5004.6309,0.0,0.0,3
27053110800,100613,4304,0.0215,1905,1547.4707541352507,1,1,0,92.53599999999999,4211.464,92.53599999999999,0.0215,3
27053110900,117049,3286,0.0389,1439,588.5544443603451,0,0,0,127.82539999999999,3158.1746,0.0,0.0,3
27053111100,120395,3641,0.0187,1608,1153.3198703928697,1,1,0,68.08670000000001,3572.9132999999997,68.08670000000001,0.0187,4
27053111200,172500,3516,0.0435,1448,486.7246164695751,0,0,0,152.946,3363.054,0.0,0.0,4
27053111300,177833,5214,0.0092,1952,1683.5502258324789,1,1,0,47.9688,5166.0312,47.9688,0.0092,4
27053111400,212679,4056,0.0089,1578,630.0235022259709,0,0,0,36.0984,4019.9016,0.0,0.0,4
27053111500,173327,5722,0.0229,2099,628.6923388913756,0,0,0,131.0338,5590.9662,0.0,0.0,4
27053111600,151071,3282,0.0149,1346,1514.112737076694,1,1,0,48.9018,3233.0982,48.9018,0.0149,4
27053122500,111125,3568,0.0574,1551,703.4438037663008,0,0,0,204.8032,3363.1968,0.0,0.0,3
27053122600,120938,2371,0.0482,1057,1386.0170993189936,1,1,0,114.2822,2256.7178,114.2822,0.0482,4
27053125500,82831,3966,0.1953,1500,547.6957251649852,0,0,0,774.5598,3191.4402,0.0,0.0,2
27053125600,56937,3921,0.1776,1836,301.29703500522965,0,0,0,696.3696,3224.6304,0.0,0.0,1
27053125700,70947,3532,0.0872,1135,1579.5318728197374,1,1,0,307.9904,3224.0096000000003,307.9904,0.0872,2
27053125800,51102,5024,0.2656,1683,291.9725215926687,0,0,0,1334.3744,3689.6256,0.0,0.0,1
27053125900,61019,4453,0.2316,1304,362.82227438288044,0,0,0,1031.3148,3421.6852,0.0,0.0,1
27053126000,36838,5358,0.4221,2061,424.3617363514744,0,0,0,2261.6117999999997,3096.3882000000003,0.0,0.0,1
27053126101,83750,2557,0.1337,2042,673.8081300385916,0,0,0,341.8709,2215.1291,0.0,0.0,2
27053126102,123452,7232,0.1627,3878,635.7629846341491,0,0,0,1176.6464,6055.3535999999995,0.0,0.0,4
27053126201,113462,3139,0.1429,1644,700.5177175375003,0,0,0,448.5631,2690.4368999999997,0.0,0.0,3
27053126202,134575,4494,0.0442,3170,533.0889284218581,0,0,0,198.6348,4295.3652,0.0,0.0,4
27053126300,39922,2915,0.354,1031,384.7784012936809,0,0,0,1031.9099999999999,1883.0900000000001,0.0,0.0,1
27053980100,26168,369,0.4476,315,1102.6898654186323,1,1,0,165.1644,203.8356,165.1644,0.4476,1
27123030100,93958,4732,0.0737,1939,1711.6372958100803,1,1,0,348.7484,4383.2516000000005,348.7484,0.0737,3
27123030201,89375,5497,0.1114,2432,1253.3458412906377,1,1,0,612.3658,4884.6342,612.3658,0.11140000000000001,2
27123030202,71533,1994,0.0637,1146,1078.731691542027,1,1,0,127.01780000000001,1866.9822000000001,127.01780000000001,0.0637,2
27123030300,99315,5886,0.0408,2573,1298.2547548417247,1,1,0,240.14880000000002,5645.8512,240.14880000000002,0.0408,3
27123030400,57396,5657,0.094,2436,1106.8356506713208,1,1,0,531.758,5125.242,531.758,0.094,1
27123030500,49717,5902,0.2084,1924,1129.4423313520733,1,1,0,1229.9768,4672.0232,1229.9768,0.20839999999999997,1
27123030601,41646,5717,0.1267,1816,1003.4492853703355,1,1,0,724.3439000000001,4992.6561,724.3439000000001,0.1267,1
27123030602,71292,3960,0.035,1373,1170.2378533660103,1,1,0,138.60000000000002,3821.4,138.60000000000002,0.035,2
27123030702,90813,6204,0.0402,1815,1053.4911085258752,1,1,0,249.4008,5954.5992,249.4008,0.0402,3
27123030703,73750,4470,0.1672,1489,839.3941982403235,1,1,0,747.3839999999999,3722.616,747.3839999999999,0.1672,2
27123030704,73259,4689,0.0911,1525,873.155805154679,1,1,0,427.1679,4261.8321000000005,427.1679,0.0911,2
27123030800,79167,5197,0.1092,1840,1683.217993079255,1,1,0,567.5124000000001,4629.4876,567.5124000000001,0.10920000000000002,2
27123030900,89444,3789,0.0699,1216,768.1715123308833,0,0,0,264.85110000000003,3524.1489,0.0,0.0,2
27123031000,69230,4519,0.2386,1429,370.80783715846746,0,0,0,1078.2334,3440.7666,0.0,0.0,1
27123031100,74793,3852,0.0512,1328,696.8921209326091,0,0,0,197.22240000000002,3654.7776,0.0,0.0,2
27123031200,72188,3052,0.1234,1459,1675.6464731324893,1,1,0,376.6168,2675.3832,376.6168,0.12340000000000001,2
27123031300,61621,3079,0.1558,847,883.3939824922323,1,1,0,479.7082,2599.2918,479.7082,0.1558,1
27123031400,76688,3154,0.0899,1035,792.8570939165305,0,0,0,283.5446,2870.4554000000003,0.0,0.0,2
27123031500,50110,3193,0.1433,984,924.4323634471551,1,1,0,457.55690000000004,2735.4431,457.55690000000004,0.1433,1
27123031600,58022,4147,0.1179,1400,963.7421712225291,1,1,0,488.9313,3658.0687,488.9313,0.1179,1
27123031701,77162,2894,0.1624,850,841.7036660638283,1,1,0,469.9856,2424.0144,469.9856,0.1624,2
27123031702,43305,6511,0.1755,2245,579.1933997289839,0,0,0,1142.6805,5368.3195000000005,0.0,0.0,1
27123031801,81146,5872,0.1239,1937,1268.1238843081546,1,1,0,727.5408,5144.4592,727.5408,0.1239,2
27123031802,71030,3815,0.0457,1467,2110.414325290418,1,1,0,174.3455,3640.6545,174.3455,0.0457,2
27123031900,61875,2941,0.1544,1425,511.1935871381139,0,0,0,454.09040000000005,2486.9096,0.0,0.0,1
27123032000,85068,2811,0.0634,1246,684.4784637306823,0,0,0,178.2174,2632.7826,0.0,0.0,2
27123032100,49201,3023,0.2529,1281,95.19324744946933,0,0,0,764.5167,2258.4833,0.0,0.0,1
27123032200,83904,2343,0.1637,1020,505.4902852865409,0,0,0,383.5491,1959.4509,0.0,0.0,2
27123032300,96940,4168,0.0778,1543,980.3053568345952,1,1,0,324.2704,3843.7296,324.2704,0.0778,3
27123032400,59188,3549,0.193,1171,921.3080293279168,1,1,0,684.957,2864.0429999999997,684.957,0.193,1
27123032500,52218,3885,0.1137,1601,519.2431371678915,0,0,0,441.7245,3443.2754999999997,0.0,0.0,1
27123032600,58319,2922,0.1962,887,943.5278182208809,1,1,0,573.2964000000001,2348.7036,573.2964000000001,0.1962,1
27123032700,52120,3197,0.2491,799,197.8211302125639,0,0,0,796.3727,2400.6273,0.0,0.0,1
27123033000,84728,2087,0.0972,607,960.4088722830517,1,1,0,202.85639999999998,1884.1436,202.85639999999998,0.0972,2
27123033100,58158,1872,0.2252,706,1657.5639631923677,1,1,0,421.5744,1450.4255999999998,421.5744,0.2252,1
27123033200,60781,4082,0.1921,2077,1018.6584649291914,1,1,0,784.1522,3297.8478000000005,784.1522,0.1921,1
27123033300,78542,3038,0.1076,1255,1266.0197917807604,1,1,0,326.8888,2711.1112,326.8888,0.1076,2
27123033400,60000,3338,0.2209,1236,487.0554857093721,0,0,0,737.3642000000001,2600.6358,0.0,0.0,1
27123033500,58270,3409,0.3056,1201,574.2393046499747,0,0,0,1041.7903999999999,2367.2096,0.0,0.0,1
27123033600,29034,2091,0.5208,816,1271.0680963679295,1,1,0,1088.9928,1002.0071999999999,1088.9928,0.5208,1
27123033700,22500,1535,0.4798,694,909.4660800427229,1,1,0,736.493,798.507,736.493,0.47980000000000006,1
27123033800,87434,1840,0.0884,701,880.9893885493287,1,1,0,162.656,1677.344,162.656,0.0884,2
27123033900,93594,1444,0.2179,615,1063.004911068393,1,1,0,314.6476,1129.3524,314.6476,0.2179,3
27123034000,69405,1914,0.1148,1054,795.8387331918881,0,0,0,219.7272,1694.2728,0.0,0.0,1
27123034201,62917,3890,0.2366,2392,201.0998266760511,0,0,0,920.374,2969.6259999999997,0.0,0.0,1
27123034203,74299,2306,0.2454,1883,502.6974026341645,0,0,0,565.8924000000001,1740.1075999999998,0.0,0.0,2
27123034204,59313,2472,0.2822,1570,189.01995179254558,0,0,0,697.5984,1774.4016,0.0,0.0,1
27123034400,73750,2209,0.0176,854,1427.4501459415094,1,1,0,38.8784,2170.1216,38.8784,0.0176,2
27123034500,73235,3631,0.0936,1250,1843.3119133795617,1,1,0,339.8616,3291.1384,339.8616,0.0936,2
27123034601,54827,5386,0.169,1923,1430.5482904542112,1,1,0,910.234,4475.766,910.234,0.169,1
27123034602,75583,4514,0.1375,1345,746.0190499703782,0,0,0,620.6750000000001,3893.3250000000003,0.0,0.0,2
27123034701,67438,4266,0.0789,1748,308.978943522189,0,0,0,336.5874,3929.4126,0.0,0.0,1
27123034702,66553,4332,0.1486,1703,584.8718679272229,0,0,0,643.7352000000001,3688.2648,0.0,0.0,1
27123034900,100333,4073,0.0699,1030,880.7430685598024,1,1,0,284.7027,3788.2973,284.7027,0.0699,3
27123035000,102045,2747,0.0351,1224,416.3584183109815,0,0,0,96.41969999999999,2650.5803,0.0,0.0,3
27123035100,104722,3351,0.0539,946,319.6778648746622,0,0,0,180.61890000000002,3170.3810999999996,0.0,0.0,3
27123035200,76279,3546,0.0536,1642,771.8939901759566,0,0,0,190.06560000000002,3355.9344,0.0,0.0,2
27123035300,131591,3959,0.0816,1912,611.7448717751748,0,0,0,323.05440000000004,3635.9456,0.0,0.0,4
27123035500,84856,2216,0.0953,1312,998.2283940863676,1,1,0,211.1848,2004.8152000000002,211.1848,0.0953,2
27123035700,127109,2749,0.0082,1095,604.6394739194185,0,0,0,22.541800000000002,2726.4582,0.0,0.0,4
27123035800,82324,2828,0.1092,1603,953.3549676433386,1,1,0,308.8176,2519.1824,308.8176,0.1092,2
27123035900,46750,1108,0.3073,742,357.79420050788895,0,0,0,340.4884,767.5115999999999,0.0,0.0,1
27123036000,102885,2854,0.064,1578,897.975799137065,1,1,0,182.656,2671.344,182.656,0.064,3
27123036100,72530,1724,0.0581,499,1799.4000470885032,1,1,0,100.1644,1623.8355999999999,100.1644,0.0581,2
27123036300,108889,3751,0.1048,1450,1111.1828912944563,1,1,0,393.1048,3357.8952,393.1048,0.1048,3
27123036400,127708,3771,0.0505,1644,367.6809923799646,0,0,0,190.43550000000002,3580.5645,0.0,0.0,4
27123036500,87258,4368,0.0837,2030,439.27230653450636,0,0,0,365.60159999999996,4002.3984,0.0,0.0,2
27123036600,115869,4128,0.099,1869,1329.8389407131376,1,1,0,408.672,3719.328,408.672,0.099,3
27123036700,73298,5474,0.1415,2608,2289.270152367063,1,1,0,774.5709999999999,4699.429,774.5709999999999,0.1415,2
27123036800,88327,2086,0.009,995,1358.7065858237665,1,1,0,18.773999999999997,2067.226,18.773999999999997,0.009,2
27123036900,61268,2245,0.0205,1222,1267.9430990375338,1,1,0,46.0225,2198.9775,46.0225,0.0205,1
27123037000,90313,2738,0.0088,1246,2097.1427170663605,1,1,0,24.0944,2713.9056,24.0944,0.0088,3
27123037100,65449,4944,0.1679,2102,667.35265363931,0,0,0,830.0975999999999,4113.9024,0.0,0.0,1
27123037200,88371,6566,0.0511,2153,1361.1598006665663,1,1,0,335.5226,6230.4774,335.5226,0.0511,2
27123037402,67431,4060,0.0707,1726,696.7479266096334,0,0,0,287.042,3772.958,0.0,0.0,1
27123037403,66615,7735,0.1808,2417,3091.1327714706417,1,1,0,1398.4879999999998,6336.512000000001,1398.4879999999998,0.1808,1
27123037500,122159,5340,0.0275,2108,1188.369433435609,1,1,0,146.85,5193.150000000001,146.85,0.0275,4
27123037601,80950,4192,0.1787,2026,1203.496595916701,1,1,0,749.1104,3442.8896,749.1104,0.1787,2
27123037603,51250,3125,0.2313,1509,590.0512801495216,0,0,0,722.8125,2402.1875,0.0,0.0,1
27123037604,56250,2187,0.1558,1386,1008.9900006585142,1,1,0,340.7346,1846.2654000000002,340.7346,0.1558,1
27123040101,131875,2516,0.013,920,3176.696112059114,1,1,0,32.708,2483.292,32.708,0.013,4
27123040102,158125,4355,0.0075,1590,5070.4343069806255,1,1,1,32.6625,4322.337500000001,4355.000000000001,1.0000000000000002,4
27123040200,74643,1900,0.0562,1014,3903.758694281555,1,1,1,106.78,1793.22,1900.0,1.0,2
27123040301,111250,1540,0.0,672,2723.2826819800343,1,1,0,0.0,1540.0,0.0,0.0,3
27123040302,72368,4907,0.0305,2030,1853.3227199190396,1,1,0,149.6635,4757.3365,149.6635,0.0305,2
27123040401,89953,3755,0.0689,1582,1770.4274034687855,1,1,0,258.71950000000004,3496.2805000000003,258.71950000000004,0.06890000000000002,2
27123040402,96875,5689,0.0195,2209,1018.8462606657533,1,1,0,110.9355,5578.0645,110.9355,0.0195,3
27123040502,56579,2642,0.0777,1158,3279.319438122623,1,1,1,205.2834,2436.7166,2642.0,1.0,1
27123040503,101715,3420,0.0072,1531,2022.6796683963746,1,1,0,24.624,3395.376,24.624,0.0072,3
27123040504,74215,4073,0.0736,1944,1615.36697526235,1,1,0,299.7728,3773.2272,299.7728,0.0736,2
27123040601,219107,5662,0.0998,1974,3154.896465485764,1,1,0,565.0676,5096.9324,565.0676,0.0998,4
27123040603,114212,5671,0.0,2276,2140.306655061974,1,1,0,0.0,5671.0,0.0,0.0,3
27123040605,100625,3527,0.0045,1541,1440.6794346906997,1,1,0,15.8715,3511.1285000000003,15.8715,0.0045,3
27123040606,61688,3591,0.0906,1699,928.5215871383404,1,1,0,325.3446,3265.6554,325.3446,0.0906,1
27123040704,80488,5370,0.0581,2408,632.8055689880891,0,0,0,311.997,5058.003,0.0,0.0,2
27123040705,97396,3940,0.0126,1742,2666.920030726363,1,1,0,49.644,3890.356,49.644,0.0126,3
27123040706,169702,5513,0.0112,2061,3831.707481113847,1,1,1,61.745599999999996,5451.2544,5513.0,1.0,4
27123040707,113438,4470,0.0245,1880,1923.5214573715568,1,1,0,109.515,4360.485000000001,109.515,0.0245,3
27123040708,106262,4054,0.0211,1844,1583.2154676214566,1,1,0,85.5394,3968.4606,85.5394,0.0211,3
27123040709,125682,3377,0.0367,1388,1606.3085000925016,1,1,0,123.93590000000002,3253.0641,123.93590000000002,0.0367,4
27123040801,100692,3180,0.0641,1217,3454.9697453637827,1,1,1,203.83800000000002,2976.162,3180.0,1.0,3
27123040804,149808,2042,0.0809,692,1060.4896167300556,1,1,0,165.1978,1876.8022,165.1978,0.0809,4
27123040805,145441,4515,0.0093,972,1667.9595749290584,1,1,0,41.9895,4473.0105,41.9895,0.0093,4
27123040901,85221,2081,0.0342,818,1540.265489374151,1,1,0,71.17020000000001,2009.8298,71.17020000000001,0.0342,2
27123040902,82396,4241,0.1061,1715,691.473772530629,0,0,0,449.9701,3791.0299,0.0,0.0,2
27123041001,92453,3580,0.0391,1355,1625.9465807277745,1,1,0,139.978,3440.022,139.978,0.0391,3
27123041002,105833,3148,0.0443,1308,1174.621077211742,1,1,0,139.4564,3008.5436,139.4564,0.0443,3
27123041103,74750,3743,0.1527,1748,268.7032326576411,0,0,0,571.5561,3171.4438999999998,0.0,0.0,2
27123041104,123750,3370,0.0383,1333,503.57825073155095,0,0,0,129.071,3240.929,0.0,0.0,4
27123041105,113750,5757,0.049,2183,1203.1637400185737,1,1,0,282.093,5474.907,282.093,0.049,3
27123041106,114531,3574,0.0371,1293,1034.7038582269163,1,1,0,132.5954,3441.4046,132.5954,0.0371,3
27123041107,66623,6155,0.0391,2582,1795.9624546246234,1,1,0,240.6605,5914.3395,240.6605,0.0391,1
27123041200,68438,4044,0.1285,1860,1775.2536287517632,1,1,0,519.654,3524.3459999999995,519.654,0.1285,1
27123041301,95813,3876,0.1315,1681,1662.5421859071776,1,1,0,509.694,3366.306,509.694,0.1315,3
27123041302,66727,4431,0.1865,1802,354.01971827703636,0,0,0,826.3815,3604.6185,0.0,0.0,1
27123041400,95408,5479,0.0356,2443,863.8502749369881,1,1,0,195.0524,5283.9476,195.0524,0.0356,3
27123041500,116917,5590,0.0679,2385,2308.167201399985,1,1,0,379.56100000000004,5210.439,379.56100000000004,0.0679,3
27123041601,89453,6188,0.0438,2627,700.4537926428561,0,0,0,271.0344,5916.9656,0.0,0.0,2
27123041602,67143,3160,0.1073,1566,1124.4584506134224,1,1,0,339.06800000000004,2820.9320000000002,339.06800000000004,0.1073,1
27123041700,96875,3432,0.0776,1482,1326.1617769633658,1,1,0,266.3232,3165.6768,266.3232,0.0776,3
27123041800,80476,3749,0.0494,1600,633.8379264170766,0,0,0,185.2006,3563.7994,0.0,0.0,2
27123041900,123250,3331,0.0501,1318,1039.6136914122214,1,1,0,166.88309999999998,3164.1169,166.88309999999998,0.0501,4
27123042001,59384,1814,0.1107,723,2118.923033563513,1,1,0,200.80980000000002,1613.1902,200.80980000000002,0.1107,1
27123042002,76558,2386,0.0793,1210,2446.433836942417,1,1,0,189.2098,2196.7902,189.2098,0.0793,2
27123042101,54057,5219,0.1197,2666,753.0066168077609,0,0,0,624.7143,4594.285699999999,0.0,0.0,1
27123042102,100493,5327,0.0623,1909,2336.549931658384,1,1,0,331.8721,4995.1278999999995,331.8721,0.0623,3
27123042201,81413,1676,0.0211,568,809.1060512557175,1,1,0,35.3636,1640.6364,35.3636,0.021099999999999997,2
27123042202,83938,5546,0.0498,2069,2192.6790167972845,1,1,0,276.19079999999997,5269.809200000001,276.19079999999997,0.0498,2
27123042301,117083,3186,0.036,1112,1061.642205792267,1,1,0,114.696,3071.304,114.696,0.036,3
27123042302,95813,4871,0.1618,1805,2007.6654323338946,1,1,0,788.1278,4082.8722000000002,788.1278,0.1618,3
27123042401,72288,6318,0.1753,2373,287.4873420535595,0,0,0,1107.5454,5210.4546,0.0,0.0,2
27123042402,86389,5976,0.0755,2264,1269.6815157099454,1,1,0,451.188,5524.812,451.188,0.0755,2
27123042501,74923,5914,0.1528,2336,944.4490226551204,1,1,0,903.6591999999999,5010.3408,903.6591999999999,0.1528,2
27123042503,122689,2824,0.0079,1015,2622.589211868828,1,1,0,22.309600000000003,2801.6904,22.309600000000003,0.0079,4
27123042504,102956,4470,0.0666,1831,2141.039751043072,1,1,0,297.70200000000006,4172.298,297.70200000000006,0.0666,3
27123042601,74706,4759,0.0626,1662,777.1807388389624,0,0,0,297.9134,4461.0866,0.0,0.0,2
27123042602,87628,2159,0.1206,912,1646.6491934250319,1,1,0,260.3754,1898.6245999999999,260.3754,0.12060000000000001,2
27123042700,90282,5593,0.0422,2110,1195.4691185066974,1,1,0,236.02460000000002,5356.9754,236.02460000000002,0.0422,3
27123042800,42173,3035,0.2327,937,369.66279154080615,0,0,0,706.2445,2328.7554999999998,0.0,0.0,1
27123042900,96814,4457,0.0461,1930,614.0847290125758,0,0,0,205.4677,4251.5323,0.0,0.0,3
27123043001,116250,4308,0.1258,2138,949.0025106217245,1,1,0,541.9463999999999,3766.0535999999997,541.9463999999999,0.1258,3
27123043002,112500,1820,0.0261,880,1876.1458843686385,1,1,0,47.502,1772.498,47.502,0.0261,3
